number_of_processes,achieved_speedup,theoretical_maximum_speedup
2,0.9784657001450118,2
3,2.124584907440505,3
4,2.335254484949757,4
5,2.329613860701182,5
6,2.282353025205283,6
7,2.3757724990522795,7
8,2.466887489214193,8
9,2.540027188404354,9
10,2.8015747655383496,10
11,2.4822183759481375,11
12,2.2158663992915644,12
13,2.5012853763836227,13
