number_of_processes,achieved_speedup,theoretical_maximum_speedup
2,1.6704548973197837,2
3,2.4499995416930194,3
4,2.6017693672487865,4
5,2.734884004310451,5
6,2.8405805852613235,6
7,2.8269233635191062,7
8,3.03092812730818,8
9,3.1783784280468255,9
10,3.1783784280468255,10
11,3.1956512287879066,11
12,3.4186058003671884,12
13,3.3600005713959202,13
