number_of_processes,achieved_speedup,theoretical_maximum_speedup
2,1.304251529,2
3,1.920222506,3
4,2.318603981,4
5,1.922188093,5
6,1.280659483,6
7,1.604244443,7
8,1.415459654,8
9,1.394459584,9
10,1.482668692,10
11,1.520395446,11
12,1.669841331,12
13,1.518253023,13
