number_of_processes,achieved_speedup,theoretical_maximum_speedup
2,1.0982538939101234,2.0
3,1.7406190640122845,3.0
4,2.2850986101286823,4.0
5,2.0300875579049227,5.0
6,2.3803719504951992,6.0
7,2.2010676257893675,7.0
8,2.0124726039293734,8.0
9,1.9069887681649433,9.0
10,1.8536463324150543,10.0
11,1.6134780624310312,11.0
12,1.6500666969420956,12.0
13,1.5481851435120193,13.0
