number_of_processes,achieved_speedup,theoretical_maximum_speedup
2,1.7119216482515318,2
3,2.377579706977368,3
4,3.29155845045488,4
5,3.9447471292498055,5
6,5.398296178376167,6
7,6.289081976824899,7
8,6.281288481378141,8
9,6.360100350594746,9
10,6.352129959474752,10
11,6.400252611813996,11
12,6.400252611813996,12
13,6.408344301943807,13
