number_of_processes,achieved_speedup,theoretical_maximum_speedup
2,1.5277775771719726,2
3,1.279069616017316,3
4,1.3819099719463164,4
5,1.8092102623073547,5
6,1.9503539158388772,6
7,1.6369046768756068,7
8,1.9784163501381216,8
9,2.3504269413631866,9
10,2.433627269227876,10
11,2.433627269227876,11
12,2.4122808787218273,12
13,2.330507225007372,13
