number_of_processes,achieved_speedup,theoretical_maximum_speedup
2,1.8299737241143745,2
3,2.3312528768905696,3
4,3.271598666899375,4
5,3.6552376473201367,5
6,1.820749692414113,6
7,2.2481212709532676,7
8,2.1533333426736654,8
9,1.796919146253196,9
10,2.0091649747488476,10
11,1.8564962218757914,11
12,2.049537100195851,12
13,3.1403207773753765,13
