number_of_processes,achieved_speedup,theoretical_maximum_speedup
2,2.877787431790455,2
3,1.8634920428891157,3
4,2.038902267864833,4
5,1.7354242203074637,5
6,2.0723136373105286,6
7,1.8061621063407607,7
8,1.9525879219103797,8
9,2.1679757835214475,9
10,1.8656942161388954,10
11,2.0136934255804975,11
12,2.304769530229848,12
13,2.027261002780546,13
