number_of_processes,achieved_speedup,theoretical_maximum_speedup
2,1.696970129845394,2
3,1.8145896222343525,3
4,1.743276727756096,4
5,1.3372780286099006,5
6,2.0603674120483393,6
7,1.9935273394803386,7
8,2.218429935124304,8
9,2.139376347510756,9
10,1.9822183759845753,10
11,2.10187444858493,11
12,2.3650306508538703,12
13,2.3053435389954107,13
