number_of_processes,achieved_speedup,theoretical_maximum_speedup
2,0.5752341137039477,2.0
3,1.1698388613713533,3.0
4,1.109722640794066,4.0
5,1.1907598162013333,5.0
6,1.0782727142198612,6.0
7,0.9900868128739098,7.0
8,1.5103976125366025,8.0
9,1.338358506095631,9.0
10,1.1837035145239059,10.0
11,1.1398009071667543,11.0
12,1.1081829697989602,12.0
13,0.9466825535932009,13.0
