number_of_processes,achieved_speedup,theoretical_maximum_speedup
2,2.057102972437176,2.0
3,2.2639484897629245,3.0
4,2.99230121063166,4.0
5,4.665193261559368,5.0
6,4.508546304946255,6.0
7,4.63881884648435,7.0
8,4.3364644515969015,8.0
9,4.380189768509084,9.0
10,4.158220565760427,10.0
11,3.991891383520728,11.0
12,4.0599230170457545,12.0
13,3.748730631058282,13.0
