parallel_tasks_num,achieved_speedup,max_theoretical_speedup
2,0.7354850176248058,2
3,0.7034701499599392,3
4,0.48290579024410774,4
5,0.4713378365439426,5
6,0.45884812738039416,6
7,0.461538336973813,7
8,0.3496600669975412,8
9,0.3713828230060825,9
10,0.32272086867380684,10
11,0.34289778001198784,11
12,0.3048782718492617,12
13,0.34502158783104353,13
