number_of_processes,achieved_speedup,theoretical_maximum_speedup
2,1.2922401624363962,2
3,1.6761276134749408,3
4,1.5755792582991242,4
5,1.6012610834138647,5
6,1.6685771396826423,6
7,1.6407714485979894,7
8,2.8959306987304316,8
9,1.6577085520813568,9
10,1.6508718864479806,10
11,1.6637960542056072,11
12,1.6172053390579757,12
13,1.649778668323921,13
