parallel_tasks_num,achieved_speedup,max_theoretical_speedup
2,0.5058616224534869,2.0
3,1.269117546069791,3.0
4,1.3016588792799206,4.0
5,0.6747459292784697,5.0
6,0.608603669324954,6.0
7,0.680062877401517,7.0
8,0.6669241738166307,8.0
9,0.78170273389216,9.0
10,0.7824116829602373,10.0
11,0.8469087437793054,11.0
12,1.2137832616332653,12.0
13,1.0473300615947803,13.0
