parallel_tasks_num,achieved_speedup,max_theoretical_speedup
2,0.7669910170194134,2
3,0.6962018947648884,3
4,0.6088154201675001,4
5,0.4462807492795865,5
6,0.5,6
7,0.43436329398229245,7
8,0.4236365414774503,8
9,0.3777429661155749,9
10,0.37227420177070875,10
11,0.35889092792418054,11
12,0.29959566399803733,12
13,0.28535043027475243,13
