parallel_tasks_num,achieved_speedup,max_theoretical_speedup
2,0.8849797907372826,2.0
3,0.8662254997397499,3.0
4,0.9008264815679984,4.0
5,0.8460543593685381,5.0
6,0.8897959722307063,6.0
7,0.8515627624362048,7.0
8,1.07389148406906,8.0
9,1.2224300815691664,9.0
10,1.0186917663741029,10.0
11,0.9369630499578965,11.0
12,0.9617648343352123,12.0
13,0.7667058437922895,13.0
