number_of_processes,achieved_speedup,theoretical_maximum_speedup
2,2.0181880819472218,2
3,2.4623222154466755,3
4,2.8321591050292376,4
5,1.5313121094779025,5
6,1.5783338013658388,6
7,1.5962224490577934,7
8,1.5912155564635087,8
9,1.5787598941643843,9
10,1.5770796191771221,10
11,1.5980689823248575,11
12,1.593864538330867,12
13,1.5776389732610308,13
