number_of_processes,achieved_speedup,theoretical_maximum_speedup
2,1.7089125742474862,2
3,2.147014350462592,3
4,2.40009514309171,4
5,2.4067698564607656,5
6,2.4165070121452747,6
7,2.431523142823695,7
8,2.486259503642504,8
9,2.475307162587582,9
10,2.496941040749718,10
11,2.514815679396271,11
12,2.5546422165774394,12
13,2.558307890507246,13
