number_of_processes,achieved_speedup,theoretical_maximum_speedup
2,1.499999662181564,2
3,1.6243652013869254,3
4,1.547445473907325,4
5,1.430107362132222,5
6,1.8,6
7,2.1354470263656427,7
8,1.9766352159747866,8
9,2.0321200051303276,9
10,1.9148150438826819,10
11,2.1849056553936634,11
12,2.353383566051865,12
13,2.5607987928094857,13
