number_of_processes,achieved_speedup,theoretical_maximum_speedup
2,1.2551017492877958,2
3,1.4819281317804895,3
4,1.464285374169095,4
5,1.3977274018521675,5
6,1.3225805411089475,6
7,1.4819281317804895,7
8,1.366665481549955,8
9,1.3516480376945494,9
10,1.149532596739812,10
11,1.108108278539146,11
12,1.4470594601716609,12
13,1.4819263464281585,13
