number_of_processes,achieved_speedup,theoretical_maximum_speedup
2,1.8569850725270491,2
3,2.811117092060573,3
4,3.2406483529346226,4
5,3.8345642223336833,5
6,3.988819362409416,6
7,3.9832264650280322,7
8,4.580793704766376,8
9,4.057029157276915,9
10,4.509499812772655,10
11,4.491066070450222,11
12,4.873536274105163,12
13,3.578150695888131,13
