number_of_processes,achieved_speedup,theoretical_maximum_speedup
2,1.885882861,2
3,2.454054108,3
4,3.817762552,4
5,4.073913373,5
6,3.744569977,6
7,3.494040332,7
8,3.975540311,8
9,4.363035329,9
10,3.461529536,10
11,3.983111574,11
12,4.213527923,12
13,4.353658913,13
