number_of_processes,achieved_speedup,theoretical_maximum_speedup
2,0.6855545297008918,2.0
3,0.7043978243124019,3.0
4,0.6005539052334179,4.0
5,0.5389027055113688,5.0
6,0.5639128180286709,6.0
7,0.47602164327413427,7.0
8,0.44240429121717695,8.0
9,0.42673328067613936,9.0
10,0.3890959447523672,10.0
11,0.47346323330137957,11.0
12,0.4308421552727667,12.0
13,0.4373933420225698,13.0
