number_of_processes,achieved_speedup,theoretical_maximum_speedup
2,1.6717390478485767,2.0
3,2.421315782342829,3.0
4,2.4684159888443693,4.0
5,2.3593248875171846,5.0
6,2.433108587020468,6.0
7,2.3432493205038467,7.0
8,2.2215512814404175,8.0
9,2.1923041301820207,9.0
10,2.180268754169639,10.0
11,2.1053121907712637,11.0
12,2.143102279627112,12.0
13,2.0714956095307073,13.0
