number_of_processes,achieved_speedup,theoretical_maximum_speedup
2,1.2969470688947875,2
3,1.6054636198286223,3
4,2.085068691090118,4
5,1.9649074230901964,5
6,2.23008343339352,6
7,1.9949920391872742,7
8,2.1730406866705962,8
9,1.243255629172309,9
10,2.3453744849148626,10
11,2.789948138122073,11
12,1.9869171853913437,12
13,2.545825553501091,13
